META,asOf,2026/6/30
TW,2330,台積電,2410,264744,爸爸,4300,4586000,10363000
TW,2330,台積電,2410,264744,老三-合庫,150,272250,361500
TW,00631L,台灣50正2,38.42,0,爸爸,115000,4197870,4418300
TW,00631L,台灣50正2,38.42,0,老三-合庫,65000,2418250,2497300
TW,006208,富邦台50,250.2,157693,老三-永豐,10177,918931,2546285
TW,006208,富邦台50,250.2,157693,老三-合庫,2000,343200,500400
TW,006208,富邦台50,250.2,157693,爸爸,2000,391000,500400
TW,00687B,國泰美債20年,28.55,130764,老三-永豐,32935,996854,940294
TW,00679B,元大美債20年,27.44,99245,老三-永豐,28942,844502,794168
TW,00725B,國泰投資級公司債,36.04,21510,爸爸,15000,528310,540600
TW,00725B,國泰投資級公司債,36.04,21510,玉山,9000,339620,324360
TW,00892,富邦台灣半導體,44.8,28623,爸爸,15000,648780,672000
TW,00830,國泰費城半導體,97.8,139410,爸爸,4000,363200,391200
TW,6409,旭隼,1085,0,爸爸,500,407250,542500
TW,6179,亞通,25.5,0,爸爸,10000,360000,255000
US,老二,VOO,203.51,2673023,4085710,681.01,445.54
US,老二,QQQ,148.16,2167251,3162647,724.08,496.19
US,老二,IEF,1604.72,4510303,4497026,95.06,95.34
US,老二,TSM,268,3170007,3595581,455.10,401.23
US,老二,ARKK,646.99,1651132,1537882,80.63,86.57
US,老二,QLD,170,459312,469487,93.68,91.65
US,老二,SSO,125,240446,244500,66.35,65.25
US,老大,VOO,110,1998444,2208379,681.01,616.27
US,老大,QQQ,78,1408413,1664979,724.08,612.50
US,老大,ARKK,810,1950803,1925348,80.63,81.70
US,老大,SSO,255,498065,498779,66.35,66.25
US,老大,TSM,35,454632,469572,455.10,440.62
US,老大,QLD,90,246164,248552,93.68,92.78
US,老三,QQQ,193,3446663,4119755,724.08,605.78
US,老三,IEF,465,1322552,1303101,95.06,96.48
US,老三,VOO,63,1161052,1264799,681.01,625.15
US,老三,ARKK,408,964200,969805,80.63,80.16
US,老三,QLD,100,275638,276169,93.68,93.50
FUND,ALI022,安聯四季成長組合基金,15925.90,250992,423151,26.57
FUND,ALI043,安聯台灣智慧基金,3486.50,340595,1476254,423.42
FUND,NOM015,野村優質基金,3126.00,334296,1368219,437.69
FUND,NOM124,野村動態配置多重資產,126852.37,1612645,2250069,17.7377
FUND,ABI042,聯博多元資產收益組合基金,23305.35,150000,152184,6.53
FUND,NOM044,野村多元收益多重資產基金,22197.99,150000,154267,6.9496
CASH,tw,爸爸,25282
CASH,tw,老三-永豐,1000100
CASH,tw,老三-合庫,3605062
CASH,tw,玉山,0
CASH,tw,阿嬤,2409574
PNL,台股,17616017,25647308,7040018,5581657,8031290
PNL,基富通基金,2838528,5824144,0,1241962,2985616
PNL,美股-老二,14871474,17592833,656797,5830407,2721359
PNL,美股-老大,6556521,7015609,304724,2599300,459088
PNL,美股-老三,7170105,7933629,0,699176,763524
YEAR,108,165194
YEAR,109,478894
YEAR,110,1348904
YEAR,111,203457
YEAR,112,13442
YEAR,113,702101
YEAR,114,5832089
YEAR,115*,7208427
